{"cameraMode":{"drawMode":0,"name":"Shaded","section":"Shading Mode"},"sceneLighting":true,"audioPlay":false,"sceneViewState":{"showFog":true,"showMaterialUpdate":false,"showSkybox":true,"showFlares":true,"showImageEffects":true,"showParticleSystems":true},"in2DMode":false,"pivot":{"x":7.3994669914245609,"y":1.1116924285888672,"z":4.5334014892578129},"rotation":{"x":-0.49755167961120608,"y":-0.00988817773759365,"z":0.005681679584085941,"w":-0.8673593997955322},"size":61.5078010559082,"orthographic":false}