{"cameraMode":{"drawMode":0,"name":"Shaded","section":"Shading Mode"},"sceneLighting":true,"audioPlay":false,"sceneViewState":{"showFog":true,"showMaterialUpdate":false,"showSkybox":true,"showFlares":true,"showImageEffects":true,"showParticleSystems":true},"in2DMode":false,"pivot":{"x":-0.23389005661010743,"y":-0.21379566192626954,"z":0.40436649322509768},"rotation":{"x":-0.09724842756986618,"y":0.8872353434562683,"z":-0.21882380545139314,"w":-0.39430001378059389},"size":10.0,"orthographic":false}